#,Preguntas de CCSE,Opción A,Opción B,Opción C,Respuesta Correcta
1,España es,A una monarquía parlamentaria ,B una república federal ,C una monarquía federal ,A una monarquía parlamentaria
2,La Ley Fundamental de España se llama,A Constitución ,B Ley Básica ,C Ordenamiento Esencial,A Constitución
3,Según la Constitución Española la soberanía nacional reside en,A el Pueblo Español ,B el Gobierno del Estado ,C el Congreso de los Diputados ,A el Pueblo Español
4,El Instituto de las Mujeres es,A una institución europea ,B un organismo español ,C una ONG,B un organismo español
5,Cuantas religiones oficiales hay en España,A ninguna ,B una ,C dos ,A ninguna
6,El castellano o español es lengua oficial,A en toda España ,B solo donde no hay otras lenguas ,C en toda la Península Ibérica ,A en toda España
7,Cuál de estas fuerzas de seguridad es de ámbito autonómico,A Policía Local ,B Guardia Civil ,C Policía Foral de Navarra ,C Policía Foral de Navarra
8,Qué fuerza de seguridad está en toda España,A la Ertzancha ,B el Cuerpo Nacional de Policía ,C los Mossos de Escuadra ,B el Cuerpo Nacional de Policía
9,En la Constitución se establece la separación de poderes el Poder Ejecutivo el Legislativo y el,A judicial ,B informativo ,C político ,A judicial
10,La bandera de España debe utilizarse,A solo los días de fiesta oficial ,B en todos los edificios públicos ,C solo en actos del Gobierno español ,B en todos los edificios públicos
11,El organismo que gestiona los impuestos estatales de España es,A el Consejo Económico y Social ,B el Instituto Nacional de Estadística ,C la Agencia Tributaria ,C la Agencia Tributaria
12,La gestión de la sanidad es competencia de,A el Estado ,B las comunidades autónomas ,C los ayuntamientos ,B las comunidades autónomas
13,Quien fue el primer presidente del Gobierno de España en democracia,A Mariano Rajoy ,B Adolfo Suárez ,C José Luis Rodríguez Zapatero ,B Adolfo Suárez
14,Cuál de estos organismos se encarga de interpretar la Constitución,A el Poder Constitucional ,B el Tribunal Constitucional ,C el Consejo General del Poder Judicial ,B el Tribunal Constitucional
15,Quien modera el funcionamiento de las instituciones españolas ,A el Presidente del Gobierno ,B el Rey ,C el Director de la Real Academia Española ,B el Rey
16,Cómo se llama la Cámara de representación territorial en España,A Senado ,B Diputación Permanente ,C Congreso de los Diputados ,A Senado
17,Cuantas ciudades autónomas hay en España,A diecisiete ,B dos ,C cincuenta ,B dos
18,Cómo se aprobó la Constitución,A por ley ,B en referéndum ,C lo mandó el rey ,B en referéndum
19,Cómo se llama la ley más importante de cada comunidad autónoma,A Estatuto de Autonomía ,B Normativa Autonómica ,C Ley de la Comunidad ,A Estatuto de Autonomía
20,Las instalaciones culturales y deportivas públicas son competencia de él,A Ayuntamiento ,B Ministerio de Educación ,C Gobierno Federal ,A Ayuntamiento
21,Quien dirige la Administración Militar de España,A los Ayuntamientos ,B el Gobierno ,C las Cortes Generales ,B el Gobierno
22,Que hay en las Islas Baleares en vez de diputaciones,A Cabildos ,B Consejos Insulares ,C Congresos ,B Consejos Insulares
23,Qué ciudad tiene más habitantes,A Sevilla ,B Barcelona ,C Zaragosa ,B Barcelona
24,Las Cortes Generales representan,A al pueblo español ,B a los partidos políticos ,C a los ministros ,A al pueblo español
25,El Congreso de los Diputados y el Senado constituyen el poder,A Ejecutivo ,B Legislativo ,C Judicial ,B Legislativo
26,Qué ley dicta el Gobierno en casos de especial urgencia,A el Decreto Ley ,B la Ley Ordinaria ,C la Ley Orgánica ,A el Decreto Ley
27,Cuántas comunidades autónomas hay en España,A 8 ,B 17,C 25,B 17
28,Los colores de la bandera española son,A blanco y rojo ,B rojo y amarillo ,C amarillo y blanco ,B rojo y amarillo
29,La sede del Gobierno de España,A en Madrid ,B en Barcelona ,C en Sevilla ,A en Madrid
30,La bandera azul con doce estrellas amarillas en círculo es la bandera de,A la Unión Europea ,B la Organización de Seguridad y Cooperación en Europa ,C la Comisión de Europa ,A la Unión Europea
31,En las elecciones generales se vota,A a diputados y senadores ,B ministros y ministras ,C alcaldes y concejales ,A diputados y senadores
32,Qué lengua es oficial en el País Vasco,A el bable ,B el aragonés ,C el euskera ,C el euskera
33,Todos los españoles tienen el deber de conocer la lengua,A Autonómica del Estado ,B Oficial del Estado ,C Local del Estado ,B Oficial del Estado
34,El aranés es una lengua cooficial que se habla en un pequeño territorio de,A Cataluña ,B La Rioja ,C Aragón ,A Cataluña
35,Las instituciones de una comunidad autónoma son la Asamblea Legislativa el Consejo de Gobierno y,A la Diputación ,B el Presidente ,C el Delegado de Gobierno ,B el Presidente
36,Cuál de estas opciones es una lengua cooficial en alguna comunidad autónoma,A el gallego ,B el aragonés ,C el murciano ,A el gallego
37,Qué institución tiene como fin la promoción de la enseñanza de la lengua española y la difusión de la cultura en español,A Instituto Nacional de Administración Pública ,B Instituto Nacional de Estadística ,C Instituto Cervantes ,C Instituto Cervantes
38,Cuál de los siguientes organismos trabaja para conseguir la normalización lingüística,A el Instituto Ramón Llull ,B el Instituto Cervantes ,C la Real Academia Española ,C la Real Academia Española
39,Dónde vive el presidente del Gobierno,A en el Palacio Real ,B en el Palacio de la Zarzuela ,C en el Palacio de la Moncloa ,C en el Palacio de la Moncloa
40,Cuál de los siguientes cuerpos forma parte de las Fuerzas Armadas de España,A la Policía Foral ,B la Guardia Civil ,C el Ejército del Aire ,C el Ejército del Aire
41,Quienes forman parte del Gobierno,A los ministros ,B los concejales ,C los alcaldes ,A los ministros
42,España es un,A Estado Social y Democrático de Derecho ,B Estado Libre Asociado ,C Estado confederado ,A Estado Social y Democrático de Derecho
43,Cuál de las siguientes siglas corresponde a un partido político,A PP ,B Pip ,C UE ,A PP
44,Qué título tiene la futura reina hija del rey,A Princesa de Asturias ,B Princesa de Aragón ,C Duquesa de Alba ,A Princesa de Asturias
45,Con qué rey se restaura la democracia en España después del régimen de Franco,A con Carlos III ,B con Alfonso XIII ,C con Juan Carlos I ,C con Juan Carlos I
46,En qué año se aprobó la Constitución española,A en 1957 ,B en 1978 ,C en 2001 ,B en 1978
47,Cuantas comunidades autónomas tienen su propia bandera,A ninguna ,B todas ,C las que tienen una lengua cooficial ,B todas
48,Qué organismo oficial atiende de las quejas de los ciudadanos por el mal funcionamiento de las administraciones,A la Oficina de Atención al Consumidor ,B la Policía Nacional ,C el Defensor del Pueblo ,C el Defensor del Pueblo
49,Cuántas firmas como mínimo deben recoger los ciudadanos para poder presentar una proposición de ley ,A 250.000 ,B 100.000 ,C 500.000 ,C 500.000
50,Cuál de estas organizaciones internacionales pertenece a España,A al Mercado Común del Sur Mercosur ,B a la Organización de las Naciones Unidas ONU ,C a la Unión Económica Euroasiática UEE ,B a la Organización de las Naciones Unidas ONU
51,En la organización de la administración se distinguen tres niveles Central Autonómica y,A estatal ,B regional ,C local ,C local
52,El poder legislativo corresponde,A al presidente y los ministros ,B a los jueces y magistrados ,C a los diputados y senadores ,C a los diputados y senadores
53,Dónde vive el rey,A en el Palacio de La Moneda ,B en el Palacio de la Zarzuela ,C en el Palacio de la Moncloa ,B en el Palacio de la Zarzuela
54,El nombre oficial del Parlamento español es,A Cortes Generales ,B Congreso de los Diputados que Senado ,C El Poder Judicial,A Cortes Generales
55,El Gobierno está formado por el presidente uno o más vicepresidentes y los,A concejales ,B ministros ,C gobernadores,B ministro
56,Quién puede reinar en España,A solo los hombres ,B solo las mujeres ,C tanto los hombres como las mujeres,C tanto los hombres como las mujeres
57,El Tribunal de Cuentas depende de,A la Presidencia del Gobierno ,B las Cortes Generales ,C el Ministerio de Hacienda ,B las Cortes Generales
58,Quién es la tercera autoridad del Estado después del Rey y el presidente del Gobierno,A el presidente del Senado ,B el ministro de Economía ,C el presidente del Congreso de los Diputados ,C el presidente del Congreso de los Diputados
59,Qué lengua cooficial se habla en las Islas Baleares,A gallego ,B catalán ,C euskera ,B catalán
60,La Constitución defiende valores tales como la libertad la igualdad el pluralismo político y,A la justicia ,B la solidaridad ,C la fraternidad ,A la justicia
61,Cuántos kilómetros cuadrados tiene España más o menos,A 100.000 ,B 500.000 ,C 1 millón ,B 500.000
62,Cuantos millones de habitantes tiene España,A 48 millones ,B 35 millones ,C 62 millones ,A 48 millones
63,Cuál de estos es un órgano consultivo del Gobierno de España,A el Parlamento Europeo ,B el Consejo de Estado ,C el Tribunal Constitucional ,B el Consejo de Estado
64,Quién dirige la política interior y exterior de España,A el Rey ,B el Gobierno ,C el Congreso de los Diputados ,B el Gobierno
65,El Defensor del Pueblo depende de,A el Consejo de Ministros ,B el Tribunal de Cuentas ,C las Cortes Generales ,C las Cortes Generales
66,El Instituto Echepare tiene como misión la difusión del,A el euskera y la cultura vasca ,B bable y la cultura cántabra ,C gallego y la cultura galaica ,A el euskera y la cultura vasca
67,La Comunidad Iberoamericana de Naciones está formada por,A 22 países de América y Europa ,B América del Sur y España ,C todos los países donde se habla español ,A 22 países de América y Europa
68,La Secretaría será el de Política Lingüística difunde y promociona la lengua y la cultura,A catalanas ,B gallegas ,C vascas ,B gallegas
69,Cómo se llama el rey de España,A Juan Carlos I ,B Felipe VI ,C Alfonso XIII ,B Felipe VI
70,Cómo se llama el órgano de Gobierno de los jueces y magistrados,A Tribunal Supremo ,B Consejo General del Poder Judicial ,C Consejo de Estado ,B Consejo General del Poder Judicial
71,Quién aprueba los presupuestos generales del Estado,A las Cortes Generales ,B la Junta Electoral Central ,C el rey ,A las Cortes Generales
72,La Constitución Española es,A la ley fundamental ,B parte de otra ley ,C una ley secundaria ,A la ley fundamental
73,Las Cortes Generales están compuestas por el Senado y,A el Congreso de los Diputados ,B el Tribunal Supremo ,C el Consejo de Estado ,A el Congreso de los Diputados
74,Quién elabora las leyes,A el Poder Ejecutivo ,B el Poder Legislativo ,C el Poder Judicial ,B el Poder Legislativo
75,La defensa de la integridad territorial de España corresponde,A la Policía Nacional y la Guardia Civil ,B las Fuerzas Armadas ,C la Policía Nacional y las policías autonómicas ,B las Fuerzas Armadas
76,El ejército español participa desde 1989 en misiones de paz de la,A Organización de Estados Iberoamericanos hoy ,B Unión Europea Occidental UEO ,C Organización de Naciones Unidas ONU ,C Organización de Naciones Unidas ONU
77,Quien vigila puertos y aeropuertos fronteras y costas,A la Guardia Civil ,B la Policía Local ,C la Policía Nacional ,A la Guardia Civil
78,Quién hace el control de pasaportes en las fronteras de España,A la Guardia Civil ,B la Policía Local ,C la Policía Nacional ,C la Policía Nacional
79,Quien controla la circulación de coches en las ciudades,A la Guardia Civil ,B la Policía Local ,C la Policía Nacional ,B la Policía Local
80,Cómo se llama la policía autonómica de Cataluña,A Guardia Civil ,B Elsa ,C Mossos d'Esquadra ,C Mossos de Escuadra
81,Cómo se llama la policía autonómica del País Vasco,A la Ertzaintza ,B Guardia Civil ,C Mossos de Escuadra ,A Ertzaintza
82,Desde que año es rey Felipe VI,A desde 1975 ,B desde 2014 ,C desde 2020 ,B desde 2014
83,Quién regula el tráfico en los pueblos y ciudades,A la Guardia Civil ,B Protección Civil ,C la Policía Local ,C la Policía Local
84,Quién puede presentar una queja al Defensor del Pueblo,A solo los ciudadanos legalmente residentes ,B solo los españoles mayores de dieciocho años ,C todos los ciudadanos españoles o extranjeros ,C todos los ciudadanos españoles o extranjeros
85,En España el voto en las elecciones es,A un derecho ,B un deber ,C una obligación ,A un derecho
86,Quién vigila el tráfico en las carreteras,A la Guardia Civil ,B la Policía Nacional ,C el Ejército de Tierra ,A la Guardia Civil
87,Qué organismos se encarga de recaudar los impuestos,A el Tribunal de Cuentas ,B la Agencia Tributaria ,C el Consejo Económico y Social ,B la Agencia Tributaria
88,Donde se publican las leyes nacionales,A en el Boletín del Instituto Nacional de Estadística INE ,B en el portal de la Administración Electrónica PAE ,C en el Boletín Oficial del Estado BOE ,C en el Boletín Oficial del Estado BOE
89,Cómo se llaman los órganos de Gobierno que solo existen en Canarias,A Cabildos ,B Consejos Insulares ,C Diputaciones ,A Cabildos
90,Donde ofrece el Gobierno toda la información sobre novedades e iniciativas de la administración electrónica,A en el Instituto Nacional de Estadística (INE),B en el Boletín Oficial del Estado (BOE),C en el portal de la Administración Electrónica (PAE),C en el portal de la Administración Electrónica (PAE)
91,Cuál es el número de teléfono de información de la Administración General del Estado,A 010 ,B 060 ,C 091 ,B 060
92,España está organizada en,A cantones ,B comunidades autónomas ,C estados federales ,B comunidades autónomas
93,Cuantos partidos políticos hay en España,A ninguno ,B uno ,C muchos ,C muchos
94,Dónde tiene lugar la investidura del presidente del Gobierno,A en el Palacio de la Moncloa ,B en el Congreso de los Diputados ,C en el Senado ,B en el Congreso de los Diputados
95,Quien tiene el mando supremo de las Fuerzas Armadas,A el Rey ,B el Presidente del Gobierno ,C el Ministro de Defensa ,A el Rey
96,Quién es el representante del Estado en una comunidad autónoma,A el Presidente de la Comunidad Autónoma ,B el Delegado del Gobierno ,C el Presidente de la Asamblea autonómica ,B el Delegado del Gobierno
97,Cuántas provincias hay en España,A 45 ,B 50 ,C 55 ,B 50
98,La enseñanza de las lenguas cooficiales es competencia,A del Estado ,B de la Comunidad Autónoma ,C de la Provincia ,B de la Comunidad Autónoma
99,El Poder Ejecutivo corresponde,A al Gobierno del Estado ,B al Congreso y al Senado ,C a los Jueces y Magistrados ,A al Gobierno del Estado
100,Cuántas cámaras hay en el Parlamento español,A 1 ,B 2 ,C 3 ,B 2
101,El suministro de agua y el alumbrado de las ciudades es competencia de,A el Ayuntamiento ,B el Gobierno Autonómico ,C el Ministerio de Obras Públicas y Urbanismo ,A el Ayuntamiento
102,En materias como nacionalidad y migración emigración o Extranjería sólo tiene competencia,A el Estado ,B las Comunidades Autónomas ,C los Ayuntamientos ,A el Estado
103,Cuántas mujeres han sido presidentas de Gobierno en España,A ninguna ,B 1 ,C 2 ,A ninguna
104,Las relaciones internacionales son competencia de,A el Estado ,B las Comunidades Autónomas ,C los Ayuntamientos ,A el Estado
105,El Ayuntamiento está formado por el alcalde y,A los concejales ,B los diputados ,C los senadores ,A los concejales
106,Quienes forman el Gobierno de las Comunidades Autónomas,A el presidente y los ministros ,B el alcalde y los concejales ,C el presidente y los consejeros ,C el presidente y los consejeros
107,Cuál es el órgano de Gobierno en los municipios,A el Ayuntamiento ,B la Diputación ,C el Cabildo ,A el Ayuntamiento
108,Cómo se llaman los órganos de Gobierno de las provincias españolas,A Cabildos ,B Consejos Insulares ,C Diputaciones ,C Diputaciones
109,Cuál es el órgano superior del Poder Ejecutivo,A el Gobierno ,B las Fuerzas Armadas ,C las Cortes Generales ,A el Gobierno
110,El idioma español también se llama,A aragonés ,B castellano ,C leonés ,B castellano
111,A quienes eligen las elecciones al Parlamento Europeo,A a los ministros europeos ,B a los consejeros delegados ,C a los eurodiputados ,C a los eurodiputados
112,Los españoles pueden votar a partir de los,A 16 años ,B 18 años ,C 21 años ,B 18 años
113,Algunos ciudadanos extranjeros pueden votar en las elecciones,A municipales ,B autonómicas ,C generales ,A municipales
114,Quien controla la gestión financiera del Estado,A el Banco de España ,B la Agencia Tributaria ,C el Tribunal de Cuentas ,C el Tribunal de Cuentas
115,A quienes se eligen las elecciones generales,A a los senadores y diputados ,B a los eurodiputados ,C a los concejales ,A a los senadores y diputados
116,De cuántos miembros se compone el Congreso de los Diputados en la actualidad,A 300 ,B 350 ,C 400 ,B 350
117,Los Municipios y Provincias forman parte de la Administración,A autonómica ,B local ,C central ,B local
118,La Comunidad Autónoma más poblada de España es,A Andalucía ,B Cataluña ,C Castilla y León ,A Andalucía
119,Cómo se llama la organización que defiende los intereses de los trabajadores,A asociación ,B partido ,C sindicato ,C sindicato
120,Cuál de las siguientes personalidades ha sido presidente del Gobierno de España ,A José María Aznar ,B Manuel Fraga ,C Dolores y Barruri ,A José María Aznar
121,La mayoría de edad en España es a los 16 años,A verdadero ,B falso ,,B falso
122,Los españoles que obtienen la nacionalidad por residencia deben esperar tres años para poder votar en las elecciones,A verdadero ,B falso ,,B falso
123,Los jóvenes tienen derecho a participar libremente en el desarrollo político del país,A verdadero ,B falso ,,A verdadero
124,El funcionamiento de los partidos políticos tiene que ser democrático,A verdadero ,B falso ,,A verdadero
125,Se puede obligar a alguien a decir cuáles son sus ideas políticas o religiosas,A verdadero ,B falso ,,B falso
126,Se puede limitar a una persona el derecho a entrar y salir libremente de España por motivos ideológicos,A verdadero ,B falso ,,B falso
127,La educación primaria de seis a doce años es gratuita y obligatoria,A verdadero ,B falso ,,A verdadero
128,La Constitución garantiza el derecho de los españoles a una vivienda digna,A verdadero ,B falso ,,A verdadero
129,En España la policía puede entrar en cualquier casa sin resolución judicial en cualquier momento,A verdadero ,B falso ,,B falso
130,Se garantiza el secreto de las comunicaciones de los españoles salvo resolución judicial,A verdadero ,B falso ,,A verdadero
131,Todos los españoles ya sean mayores o menores de edad tienen derecho a votar en las elecciones,A verdadero ,B falso ,,B falso
132,Los profesores pueden enseñar con libertad dentro de los límites de la Constitución,A verdadero ,B falso ,,A verdadero
133,La Constitución reconoce únicamente los derechos fundamentales de los españoles,A verdadero ,B falso ,,B falso
134,En España existe la pena de muerte,A verdadero ,B falso ,,B falso
135,La ley limita el acceso de terceras personas a datos de carácter personal,A verdadero ,B falso ,,A verdadero
136,La libertad de prensa está limitada por el respeto al honor de las personas,A verdadero ,B falso ,,A verdadero
137,En España se regulan mediante ley las causas de separación y disolución matrimonial,A verdadero ,B falso ,,A verdadero
138,Todos los españoles pagan la misma cantidad de impuestos,A verdadero ,B falso ,,B falso
139,Se puede ser condenado sancionado por acciones u omisiones que en el momento de producirse no constituían delito,A verdadero ,B falso ,,B falso
140,La enseñanza obligatoria consta de dos etapas Educación Primaria y Educación Secundaria Obligatoria ,A verdadero ,B falso ,,A verdadero
141,En España hay una religión oficial,A verdadero ,B falso ,,B falso
142,Los ciudadanos tienen derecho a la atención sanitaria,A verdadero ,B falso ,,A verdadero
143,Los poderes públicos deben promover la educación física y el deporte,A verdadero ,B falso ,,A verdadero
144,En España está reconocido el derecho de asociación,A verdadero ,B falso ,,A verdadero
145,En caso de huelga la ley garantiza el mantenimiento de los servicios esenciales de la comunidad,A verdadero ,B falso ,,A verdadero
146,Los trabajadores tienen derecho a hacer huelga,A verdadero ,B falso ,,A verdadero
147,La libertad ideológica está garantizada sólo en parte del territorio nacional,A verdadero ,B falso ,,B falso
148,Todos los ciudadanos tienen acceso al sistema de seguridad social público excepto si están desempleados,A verdadero ,B falso ,,B falso
149,Todos tienen derecho a disfrutar de un medio ambiente adecuado para el desarrollo de la persona así como el deber de conservarlo,A verdadero ,B falso ,,A verdadero
150,Todo el mundo tiene derecho a expresar su opinión,A verdadero ,B falso ,,A verdadero
151,En España la edad mínima para casarse es de catorce años,A verdadero ,B falso ,,B falso
152,La ley prohíbe la discriminación por cualquier circunstancia personal o social,A verdadero ,B falso ,,A verdadero
153,Los poderes públicos garantizan la defensa de los consumidores,A verdadero ,B falso ,,A verdadero
154,En España cualquier ciudadano mayor de edad puede presentarse a las elecciones,A verdadero ,B falso ,,A verdadero
155,Los españoles deben ayudar en los casos de catástrofe o calamidad pública,A verdadero ,B falso ,,A verdadero
156,Los poderes públicos garantizan la libertad de movimiento de los ciudadanos en el territorio nacional,A verdadero ,B falso ,,A verdadero
157,Dónde están Cáceres y Badajoz,A en el Principado de Asturias ,B en Andalucía ,C en Extremadura ,C en Extremadura
158,La capital de la Comunidad Autónoma de Cantabria es,A Oviedo ,B Palma de Mallorca ,C Santander ,C Santander
159,Dónde están las Islas Baleares,A en el Mar Cantábrico ,B en el mar Mediterráneo ,C en el Océano Atlántico ,B en el mar Mediterráneo
160,En qué parte de España está situada la meseta,A en el norte ,B en el sur ,C en el centro ,C en el centro
161,"El pico más alto de España con 3,718 metros es",A el Mulhacén ,B el Aneto ,C El Teide ,C el Teide
162,Cuantas comunidades autónomas hay en España,A 7 ,B 17 ,C 27 ,B 17
163,Toledo es la capital de,A Castilla La Mancha ,B Extremadura ,C Castilla y León ,A Castilla La Mancha
164,Almería está en,A Andalucía ,B Canarias ,C Aragón ,A Andalucía
165,La capital de la Comunidad Autónoma de Galicia es,A Coruña ,B Vigo ,C Santiago de Compostela ,C Santiago de Compostela
166,Cuál de estos climas es propio de España,A polar ,B mediterráneo ,C tropical ,B mediterráneo
167,"Huesca, Teruel y Zaragoza están en",A Catalunya ,B País Vasco ,C Aragón ,C Aragón
168,Zaragoza está en,A Aragón ,B Andalucía ,C Castilla y León ,A Aragón
169,España se divide en,A Departamentos y Regiones ,B Comunidades y Ciudades Autónomas ,C Regiones Autónomas y Distritos ,B Comunidades y Ciudades Autónomas
170,Cuál de estas comunidades autónomas tiene solo una provincia,A Islas Baleares ,B Aragón ,C Valencia ,A Islas Baleares
171,En el norte de África están Ceuta y,A Almería ,B Melilla ,C Cádiz ,B Melilla
172,Cuál de estas comunidades autónomas tiene más de una provincia,A Asturias ,B Madrid ,C Castilla La Mancha ,C Castilla La Mancha
173,Cuál de los siguientes ríos desemboca en el Océano Atlántico,A el Tajo ,B el Ebro ,C el Júcar ,A el Tajo
174,Cuál de estas provincias forma parte de la Comunidad de Castilla y León,A Burgos ,B Huesca ,C Guadalajara ,A Burgos
175,Las temperaturas suaves con abundantes lluvias son propias del clima,A continental ,B oceánico ,C subtropical ,B océánico
176,El clima de Canarias es,A mediterráneo ,B oceánico ,C subtropical ,C subtropical
177,El principal río que desemboca en el Mar Mediterráneo es el,A Ebro ,B Duero ,C Tajo ,A Ebro
178,España está entre los países de Europa más,A lluviosos ,B montañosos ,C fríos ,B montañosas
179,Qué sistema montañoso divide a la meseta española,A el ibérico ,B el central ,C el vético ,B el central
180,Los Picos de Europa están en,A Andalucía ,B Cataluña ,C Asturias ,C Asturias
181,Los personajes principales de la novela El Quijote son Don Quijote y,A Don Juan ,b Sancho Panza ,C Doña Inés ,B Sancho Panza
182,Cuál de las siguientes mujeres es una científica española reconocida mundialmente,A Montserrat Caballé ,B Ana María Matute ,C Margarita Salas ,C Margarita Salas
183,Cuál de estas tres obras literarias es de Federico García Lorca,A El Quijote ,B El Cantar de Miocín ,C La Casa de Bernarda Alba ,C La Casa de Bernarda Alba
184,"María Zambrano, María Teresa León y Rosa Chacel son",A pintoras ,B escritoras ,C deportistas ,B escritoras
185,El Concierto de Aranjuez es una composición de,A Manuel de Falla ,B Ainhoa Arteta ,C Joaquín Rodrigo ,C Joaquín Rodrigo
186,Cuál es la profesión de Sara Baras,A escritora ,B bailaora ,C escultora ,B bailaora
187,El Ballet Nacional de España realiza,A danza clásica ,B danza contemporánea ,C distintos estilos de danza ,C distintos estilos de danza
188,Isabel Coiset es una,A cantante pop ,B bailarina clásica ,C directora de cine ,C directora de cine
189,Una de las sopranos españolas más famosa es,A Montserrat Caballé ,B Rosalía ,C Lola Flores ,A Montserrat Caballé
190,En qué ciudad de España hay una mezquita que es Patrimonio de la Humanidad,A Santiago de Compostela ,B Madrid ,C Córdoba,C Córdoba
191,En qué ciudad de España se encuentra la Alhambra que es Patrimonio de la Humanidad,A en Sevilla ,B en Córdoba ,C en Granada ,C en Granada
192,En qué ciudad se encuentra el monumento la Sagrada Familia de Gaudí,A en Barcelona ,B en Granada ,C en Madrid ,A en Barcelona
193,Pablo Picasso fue un famoso,A pintor ,B músi músico ,C escritor ,A pintor
194,Cómo se llama la mayor institución pública dedicada a la investigación en España,A Real Academia Española RAE ,B Consejo Superior de Investigaciones Científicas CSIC ,C la Sociedad General de Autores SGAE ,B Consejo Superior de Investigaciones Científicas CSIC
195,Paco de Lucía fue un famoso,A científico ,B guitarrista ,C pintor ,B guitarrista
196,Cuál de estas manifestaciones folclóricas es Patrimonio Cultural Inmaterial de la Humanidad,A el flamenco ,B la jota ,C la sardana ,A el flamenco
197,Cuál es la moneda común en muchos países de la Unión Europea,A el dólar ,B el peso ,C el euro ,C el euro
198,La fiesta de la Tomatina se celebra en,A Mérida ,B Buñol ,C Santiago de Compostela ,B Buñol
199,Normalmente en toda España las ferias del libro se celebran en,A invierno ,B primavera ,C verano ,B primavera
200,La Liga y la Copa del Rey son competiciones de él,A natación ,B atletismo ,C fútbol ,C fútbol
201,Quien ha recibido el Premio Nobel de Literatura,A María Zambrano ,B Pablo Picasso ,C Vicente Aleixandre ,C Vicente Aleixandre
202,Quien fue el presidente de Gobierno durante la transición española,A Pedro Sánchez ,B Adolfo Suárez ,C José María Aznar ,B Adolfo Suárez
203,"Mireia Belmonte, Edurne Pasabán y Pau Gasol son",A deportistas ,B músicos ,C artistas ,A deportistas
204,Qué toman los españoles la noche del treinta y uno de diciembre para celebrar el cambio de año,A lentejas ,B uvas ,C aceitunas ,B uvas
205,En qué provincia se celebra la Romería del Rocío,A en Barcelona ,B en Huelva ,C en Sevilla ,B en Huelva
206,El Festival de Sitges puedes,A ver películas de cine ,B escuchar música ,C asistir a obras de teatro ,A ver películas de cine
207,Que escritora española escribe en otra lengua oficial de España,A Mercé Rodoreda ,B Almudena Grandes ,C Ana María Matute ,A Merce Rodoreda
208,Qué Tres Culturas convivieron en la España medieval,A la cristiana la judía y la musulmana ,B la fenicia la judía y la musulmana ,C la griega la cristiana y la judía ,A la cristiana la judía y la musulmana
209,El 6 de diciembre se celebra en España,A el día de la Constitución ,B la llegada de Colón a América ,C el día del libro ,A el día de la Constitución
210,Qué ciudad española está el acueducto considerado Patrimonio de la Humanidad,A en Mérida ,B el Sevilla ,C en Segovia ,C en Segovia
211,Quien recibió el Premio Nobel de Fisiología y Medicina en 1959,A Santiago Ramón y Cajal ,B Margarita Salas ,C Severo Ochoa ,C Severo Ochoa
212,El Premio Cervantes se da a,A actores ,B escritores ,C pintores ,B escritores
213,los premios Goya están relacionados con,A el cine ,B la literatura ,C la pintura ,A el cine
214,Qué premios promueven en España los valores científicos culturales y humanísticos que son patrimonio universal,A los premios Cervantes ,B los premios Princesa de Asturias ,C los premios Goya ,B los premios Princesa de Asturias
215,Cuándo fueron los Juegos Olímpicos de Barcelona,A en 1992 ,B en 1986 ,C en 1998 ,A en 1992
216,El escritor Miguel de Cervantes nació en,A La Mancha ,B Madrid ,C Alcalá de Henares ,C Alcalá de Henares
217,Quien hace el DNI ,A la Policía Nacional ,B la Guardia Civil ,C la Policía Local ,A la Policía Nacional
218,Cuál es el documento que muestra el lugar de residencia del titular,A el certificado de empadronamiento ,B la partida de nacimiento ,C el carnet de conducir ,A el certificado de empadronamiento
219,para hacer el DNI debes acudir a,A una Comisaría de Policía ,B el Registro Civil ,C el Ayuntamiento ,A una Comisaría de Policía
220,Cuál es la edad mínima para conducir un coche en España,A 16 años ,B 18 años ,C 20 años ,B 18 años
221,El carnet de conducir se hace en,A la Dirección General de Tráfico DGT ,B la Policía Nacional ,C el Registro Civil ,A la Dirección General de Tráfico de DGT
222,Para sacar el carnet de conducir hay que aprobar,A un examen teórico ,B un examen práctico ,C un examen teórico y otro práctico ,C un examen teórico y otro práctico
223,Donde se tramita el libro de familia,A en el Registro Civil ,B en la Seguridad Social ,C en las Comisarías de Policía ,A en el Registro Civil
224,La familia compuesta por un padre y dos hijos se llama,A nuclear ,B monoparental ,C numerosa ,B monoparental
225,El tiempo que dura el permiso por nacimiento y cuidado de un menor para la madre y el padre es de,A 16 semanas ,B 14 semanas ,C 20 semanas ,A 16 semanas
226,Cuál es la tasa máxima de alcohol en sangre permitida a los conductores en gramos por litro ,"A 0,5 ","B 0,7 ","C 0,9 ","A 0,5"
227,El tipo de vivienda más popular en España es,A el chalet ,B el piso ,C la villa ,B el piso
228,Qué comunidad autónoma es conocida por la calidad de su aceite de oliva,A Cantabria ,B Andalucía ,C La Rioja ,B Andalucía
229,Como se llama la revisión que deben pasar obligatoriamente los coches,A (IBI) Impuestos sobre Bienes Inmuebles ,B (ITV) Inspección Técnica de Vehículos ,C (ITE) Inspección Técnica de Edificios ,B (ITV) Inspección Técnica de Vehículos
230,Que acompaña a la bebida en bares y restaurantes se llama,A bocadillo ,B tapa ,C primer plato ,B tapa
231,Se denomina la Unión jurídica de dos personas que crea un vínculo conyugal mediante ciertos ritos o formalidades legales con obligaciones y derechos ,A pareja de hecho ,B matrimonio ,C pareja formal ,B matrimonio
232,Cuál de las siguientes familias es considerada numerosa en España,A una pareja con un hijo ,B una pareja con dos hijos ,C una pareja con tres hijos ,C una pareja con tres hijos
233,En España está permitido el matrimonio,A sólo entre personas del mismo sexo ,B entre personas del mismo y diferente sexo ,C sólo entre personas de diferentes sexo ,B entre personas del mismo y diferentes sexo
234,Los propietarios de perros deben registrarlos en,A el Ministerio de Justicia ,B la Comisaría de Policía ,C el Ayuntamiento ,C el Ayuntamiento
235,Los principales ingredientes de la tortilla española son huevos y,A pimientos ,B patatas ,C tomates ,B patatas
236,Cuál de los siguientes personajes es un reconocido cocinero dentro y fuera de España,A Ferran Adria ,B Rafael Nadal,C Josep Carreras ,A Ferrán Adriá
237,Cuál de estos canales de comunicación es un organismo público,A la Cadena SER ,B Radio Nacional de España ,C Antena 3 ,B Radio Nacional de España
238,Cuál de las siguientes conductas no es adecuada en una comunidad de vecinos,A reducir el nivel de ruido entre las 10 y las 8 horas ,B depositar la basura en bolsas bien cerradas ,C lavar coches y motos en el garaje ,C lavar coches y motos en el garaje
239,La sangría es una bebida compuesta por refrescos vino y,A fruta ,B té ,C agua ,A fruta
240,La sidra es una bebida originaria de,A Asturias ,B Cantabria ,C Galicia ,A Asturias
241,Los españoles tienen dos apellidos el primer apellido es,A el de la madre ,B el del padre ,C el de la madre o el del padre ,C el de la madre o el del padre
242,La Fiesta Nacional de España es el,A 6 de diciembre ,B 15 de agosto ,C 12 de octubre ,C 12 de Octubre
243,Los comercios que abren normalmente de lunes a sábado tienen un horario aproximado de,A de nueve de la mañana a 5 de la tarde ,B de 10 de la mañana a 8 de la tarde ,C de ocho de la mañana a 11 de la noche ,B de 10 de la mañana a 8 de la tarde
244,El pasaporte se hace en,A el Registro Civil ,B una Comisaría de Policía ,C el Ayuntamiento ,B una Comisaría de Policía
245,El documento identificativo obligatorio para los españoles dentro del territorio nacional es,A el pasaporte ,B el Documento Nacional de Identidad (DNI) ,C el Número de Identificación Fiscal (NIF) ,B el Documento Nacional de Identidad (DNI)
246,Cuál de estos alimentos cuenta con una reconocida denominación de origen,A cerveza ,B café ,C aceite de oliva ,C aceite de oliva
247,El DNI se hace,A por internet ,B en persona ,C por teléfono ,B en persona
248,El horario de Canarias con respecto a la península es de,A dos horas menos ,B una hora menos ,C una hora más ,B una hora menos
249,Para acceder a la universidad se debe superar una prueba de evaluación llamada,A ESAU ,B ECAUD ,C EBAU ,C EBAU
250,Cuál de estos productos importa España de otros países en mayor cantidad que exporta,A petróleo ,B calzado ,C medicamentos ,A petróleo
251,El Estado español aplica la política fiscal a los ciudadanos a través del pago de,A impuestos directos ,B impuestos indirectos ,C impuestos directos e indirectos ,C impuestos directos e indirectos
252,En España hay pruebas especiales para el acceso de los adultos a la universidad a partir de los,A 18 años ,B 23 años ,C 25 años ,C 25 años
253,Dónde puede encontrarse la siguiente norma dejar salir antes de entrar,A en el transporte público ,B en parques y jardines ,C en instalaciones deportivas ,A en el transporte público
254,El bachillerato en España,A es obligatorio ,B se compone de dos cursos académicos ,C es la enseñanza a alumnos de 14 a 16 años ,B se compone de dos cursos académicos
255,El Impuesto sobre el Valor Añadido IVA forma parte de los,A impuestos indirectos ,B impuestos sobre la renta ,C impuesto sobre sociedades ,A impuestos indirectos
256,Qué número reciben los trabajadores al comenzar su primer empleo,A el de la Seguridad Social ,B el del pasaporte ,C el número de servicio ,A el de la seguridad social
257,Los colegios públicos,A pueden decidir su número de plazas ,B puede contratar los profesores que quieran ,C están financiados por el Gobierno ,C están financiados por el Gobierno
258,Cuál de estos puertos se encuentra entre los principales de España,A Tenerife ,B Alicante ,C Las Palmas ,C Las Palmas
259,Un colegio concertado es un colegio privado que,A recibe subvenciones del Gobierno ,B financian los padres de los alumnos ,C recibe dinero de los bancos ,A recibe subvenciones del Gobierno
260,España exporta productos principalmente a países,A de Hispanoamérica ,B de la Unión Europea ,C del norte de África ,B de la Unión Europea
261,Las bibliotecas públicas son gratuitas para,A todos ,B los parados ,C los niños ,A todos
262,Cuál de estos productos se exporta a España más que importa,A gas ,B ropa ,C calzado ,C calzado
263,Una persona mayor de dieciocho años puede obtener el título de Graduado en Educación Secundaria Obligatoria en,A un Centro de Educación de Personas Adultas ,B un centro de enseñanza primaria ,C una universidad ,A un centro de educación de personas adultas
264,La formación profesional,A es para mayores de 25 años ,B puede ser de grado medio o superior ,C es obligatorio ,B puede ser de grado medio o superior
265,Cómo se llama el lugar con un horario establecido en el que se presta la atención médica básica Medicina de Familia pediatría y enfermería,A hospital,B centro de salud ,C farmacia ,B centro de salud
266,Para cuantos años vale la tarjeta sanitaria europea,A para un año ,B para dos años ,C para diez años ,B para dos años
267,A qué hora se cena normalmente en España,A las 18 horas ,B a las 20 horas ,C a las 21 o 22 horas,C a las 21 o 22 horas
268,Cuál es el número de teléfono único para cualquier emergencia,A 060 ,B 112 ,C 911 ,B 112
269,Los viajes de vacaciones para las personas mayores de 65 años los organiza,A el Instituto de Estudios Fiscales (IEF) ,B el Imserso Instituto de mayores y Servicios Sociales ,C el Instituto de Crédito Oficial  (ICO),B el Imserso Instituto de mayores y Servicios Sociales
270,Una persona que tiene a su cargo hijos menores de dieciocho años o hijos mayores de edad discapacitados puede recibir una,A pensión de viudedad ,B prestación por desempleo ,C ayuda familiar ,C ayuda familiar
271,Cómo se llama el tren español de alta velocidad,A AVE ,B TGV ,C Eurostars ,A AVE
272,La organización que trabaja para conseguir la integración de las personas con discapacidad visual es,A la ONCE ,B UNICEF ,C Cáritas ,A la ONCE
273,Cuál de los siguientes no es un medio público de comunicación audiovisual,A Televisión Española ,B Instituto de la Cinematografía y de las Artes Audiovisuales ,C Radio Nacional de España ,B Instituto de la Cinematografía y de las Artes Audiovisuales
274,Cuál es el canal de televisión estatal que transmite noticias de actualidad nacional e internacional continuamente,A Teledeporte ,B la 1 ,C Canal 24 Horas ,C Canal 24 Horas
275,El teléfono gratuito para las víctimas de violencia de género es el,A 091 ,B 112 ,C 016 ,C 016
276,En España la red de trenes puede ser de larga distancia de media distancia y,A de cercanías ,B rural ,C transnacional ,A de cercanías
277,El Ministerio de Derechos Sociales y agenda 2030 ofrece,A ayudas a mayores de 65 años ,B acceso a viviendas sociales ,C reagrupación familiar ,A ayudas a mayores de 65 años
278,Cuando compramos doscientos cincuenta gramos de un alimento estamos comprando,A medio kilo ,B un cuarto de kilo ,C un tercio de kilo ,B un cuarto de kilo
279,Si compramos una botella de agua de 750 ml compramos una botella de,A tres cuartos de litro ,B medio litro ,C 1 L ,A tres cuartos de litro
280,Dónde se venden las medicinas en España,A hospital ,B centro de salud ,C farmacia ,C farmacia
281,Cuál de estas tres recomendaciones podemos encontrar en un parque,A respete las plantas y el mobiliario urbano ,B es conveniente abonar el billete con el importe exacto ,C mantenga la distancia de seguridad con el vehículo precedente ,A respete las plantas y el mobiliario urbano
282,Cuál de las siguientes cosas es obligatoria para el propietario de un coche en España,A el garaje ,B el seguro ,C la alarma ,B el seguro
283,El aeropuerto Adolfo Suárez está en ,A Barcelona ,B Madrid ,C Bilbao ,B Madrid
284,Enn un coche es obligatorio el uso del cinturón de seguridad,A solo en el asiento del conductor ,B en los asientos delanteros ,C en todos los asientos ,C en todos los asientos
285,El límite de velocidad en una autopista es de,A 100 km/h ,B 120 km/h ,C 70 km/h,B 120 km/h
286,Ceder el asiento a las personas con movilidad reducida es una norma que encontramos indicada en,A el transporte público ,B las bibliotecas ,C los museos ,A el transporte público
287,En qué caso se retira el permiso de conducir,A por accidente grave ,B por la pérdida de los puntos ,C por exceso de velocidad ,B por la pérdida de los puntos
288,El acrónimo RENFE corresponde,A Red Nacional de Fondos Europeos ,B Red Nacional de Ferrocarriles Españoles ,C Red Nacional de Fundaciones Estatales ,B Red Nacional de Ferrocarriles Españoles
289,Los españoles necesitan el pasaporte para viajar a,A Italia ,B China ,C Alemania ,B China
290,Cuál es la edad mínima para trabajar en España,A 16 años ,B 18 años ,C 21 años ,A 16 años
291,Cuál es el sector de mayor peso en la economía española,A agricultura ,B servicios ,C construcción ,B servicios
292,España es innovadora en el sector de,A la ingeniería aeroespacial ,B las energías renovables ,C la energía nuclear ,B las energías renovables
293,La norma principal que regula los derechos de los trabajadores en España es,A la Constitución ,B el Estatuto de los Trabajadores ,C el Servicio Público de Empleo Estatal ,B el Estatuto de los Trabajadores
294,Que está abierto 24 horas si es necesario,A farmacias ,B estancos ,C quioscos ,A farmacias
295,En España la enseñanza básica es,A voluntaria y gratuita ,B obligatoria y de pago ,C obligatoria y gratuita ,C obligatoria y gratuita
296,En la economía española el peso mayor recae sobre el sector de,A la agricultura ,B los servicios ,C la industria ,B los servicios
297,Las Escuelas Oficiales de Idiomas,A son centros de enseñanza privada ,B son para mayores de 16 años ,C dependen del Instituto Cervantes ,B son para mayores de 16 
298,Cómo se llama el documento oficial que recoge las fechas de todos los contratos de trabajo de una persona,A informe de vida laboral ,B recibo de finiquito ,C certificado de profesionalidad ,A informe de vida laboral
299,Impuesto pagan los residentes en España en función de la renta o el dinero ganado salario ingresos como autónomos etcétera,A el Impuesto sobre la Renta de las Personas Físicas (IRPF),B el Impuesto sobre el Valor Añadido (IVA),C el Impuesto sobre Sociedades (ISS) ,A el Impuesto sobre la Renta de las Personas Físicas (IRPF)
300,Cuál de estas comunidades autónomas es más rica,A País Vasco ,B Galicia ,C La Rioja ,A País Vasco